2021-09-09,4.8
2021-09-09,1.4
2021-09-09,4.3
2021-09-09,3.1
2021-09-09,4.9
2021-09-09,4.7
2021-09-09,3.3
2021-09-10,4.3
2021-09-10,2.5
2021-09-10,1.6
2021-09-10,4.5
2021-09-10,1.9
2021-09-10,8.6
2021-09-10,9.7
2021-09-10,0
2021-09-10,0
2021-09-10,0
2021-09-10,0
2021-09-10,0
2021-09-10,36.3
2021-09-10,14.9
2021-09-10,22.4
2021-09-10,13
2021-09-10,18.5
2021-09-10,20.4
2021-09-10,33.4
2021-09-10,55.7
2021-09-10,42.5
2021-09-10,39.7
2021-09-10,26.6
2021-09-11,38.4
2021-09-11,54.5
2021-09-11,32.7
2021-09-11,40.4
2021-09-11,35.8
2021-09-11,44.4
2021-09-11,59.6
2021-09-11,56.3
2021-09-11,54.2
2021-09-11,47.1
2021-09-11,41.4
2021-09-11,41.3
2021-09-11,40.3
2021-09-11,57.4
2021-09-11,68.1
2021-09-11,40
2021-09-11,18
2021-09-11,14.9
2021-09-11,19.1
2021-09-11,12.4
2021-09-11,25.7
2021-09-11,20.9
2021-09-11,29.6
2021-09-11,31.7
2021-09-12,26.2
2021-09-12,31.1
2021-09-12,39.4
2021-09-12,34.7
2021-09-12,40.3
2021-09-12,39.2
2021-09-12,43.4
2021-09-12,47.4
2021-09-12,49.2
2021-09-12,35.4
2021-09-12,19.3
2021-09-12,34.8
2021-09-12,39.7
2021-09-12,45.5
2021-09-12,58.4
2021-09-12,37.1
2021-09-12,34.7
2021-09-12,40.1
2021-09-12,34.1
2021-09-12,27.2
2021-09-12,29.7
2021-09-12,32.9
2021-09-12,28
2021-09-12,24
2021-09-13,26.2
2021-09-13,23.6
2021-09-13,25.4
2021-09-13,24.1
2021-09-13,28.6
2021-09-13,48.3
2021-09-13,64.8
2021-09-13,68
2021-09-13,76.2
2021-09-13,30.4
2021-09-13,41.9
2021-09-13,29.9
2021-09-13,40.9
2021-09-13,36
2021-09-13,54.5
2021-09-13,17.4
2021-09-13,22.1
2021-09-13,27.1
2021-09-13,18.7
2021-09-13,16.9
2021-09-13,16.9
2021-09-13,24.9
2021-09-13,38
2021-09-13,27.3
2021-09-14,19.7
2021-09-14,29.2
2021-09-14,22.4
2021-09-14,26
2021-09-14,30.8
2021-09-14,50.6
2021-09-14,54
2021-09-14,93.1
2021-09-14,75.5
2021-09-14,47.3
2021-09-14,70.1
2021-09-14,60.4
2021-09-14,32.8
2021-09-14,23.4
2021-09-14,13.6
2021-09-14,12.9
2021-09-14,20.5
2021-09-14,26.8
2021-09-14,33.5
2021-09-14,6.8
2021-09-14,9.1
2021-09-14,19.7
2021-09-14,17.5
2021-09-14,19.2
2021-09-15,20
2021-09-15,20.6
2021-09-15,34.1
2021-09-15,32.1
2021-09-15,31.1
2021-09-15,43.7
2021-09-15,60.1
2021-09-15,75.9
2021-09-15,46.3
2021-09-15,51.6
2021-09-15,43
2021-09-15,16.9
2021-09-15,31.4
2021-09-15,39.5
2021-09-15,52.4
2021-09-15,50.5
2021-09-15,26.4
2021-09-15,36.1
2021-09-15,16.6
2021-09-15,13.7
2021-09-15,33.5
2021-09-15,35.3
2021-09-15,33.4
2021-09-15,30.1
2021-09-16,31.5
2021-09-16,38.8
2021-09-16,38.8
2021-09-16,33.1
2021-09-16,38.5
2021-09-16,65.9
2021-09-16,78.3
2021-09-16,78.3
2021-09-16,102.5
2021-09-16,105.5
2021-09-16,79
2021-09-16,62.7
2021-09-16,92.3
2021-09-16,44.6
2021-09-16,52.8
2021-09-16,57.8
2021-09-16,48.9
2021-09-16,55.2
2021-09-16,34.8
2021-09-16,31.4
2021-09-16,23.1
2021-09-16,17.3
2021-09-16,34
2021-09-16,50.3
2021-09-17,48
2021-09-17,41.1
2021-09-17,27.3
2021-09-17,32.4
2021-09-17,28.5
2021-09-17,50.6
2021-09-17,79.1
2021-09-17,78.3
2021-09-17,82.4
2021-09-17,59.1
2021-09-17,79.6
2021-09-17,33.5
2021-09-17,33.1
2021-09-17,7.8
2021-09-17,19.8
2021-09-17,49.1
2021-09-17,26.6
2021-09-17,38
2021-09-17,28.4
2021-09-17,28.4
2021-09-17,26.7
2021-09-17,38.2
2021-09-17,42.8
2021-09-17,37.5
2021-09-18,30.2
2021-09-18,25.6
2021-09-18,24
2021-09-18,37.7
2021-09-18,28.9
2021-09-18,32.1
2021-09-18,44.6
2021-09-18,50.8
2021-09-18,54.5
2021-09-18,51.2
2021-09-18,75.2
2021-09-18,33.8
2021-09-18,60.3
2021-09-18,79.8
2021-09-18,18.8
2021-09-18,27.2
2021-09-18,19.9
2021-09-18,24.9
2021-09-18,40.1
2021-09-18,24.7
2021-09-18,24.7
2021-09-18,58.2
2021-09-18,66.9
2021-09-18,56.1
2021-09-19,46.3
2021-09-19,89.3
2021-09-19,55.2
2021-09-19,37.8
2021-09-19,43.8
2021-09-19,35.9
2021-09-19,52.4
2021-09-19,49.4
2021-09-19,36.3
2021-09-19,44.1
2021-09-19,52.5
2021-09-19,21.6
2021-09-19,25.6
2021-09-19,25.6
2021-09-19,28.4
2021-09-19,16.1
2021-09-19,17.8
2021-09-19,9.3
2021-09-19,18
2021-09-19,18.3
2021-09-19,25.3
2021-09-19,5.5
2021-09-19,35.2
2021-09-19,24.3
2021-09-20,25.3
2021-09-20,21.3
2021-09-20,32.6
2021-09-20,25.2
2021-09-20,31.3
2021-09-20,35.7
2021-09-20,44.5
2021-09-20,46.3
2021-09-20,48.8
2021-09-20,37.7
2021-09-20,44.1
2021-09-20,35.9
2021-09-20,78
2021-09-20,70
2021-09-20,44.4
2021-09-20,44.4
2021-09-20,21.2
2021-09-20,31.5
2021-09-20,15.1
2021-09-20,18.9
2021-09-20,36.6
2021-09-20,41.2
2021-09-20,47.3
2021-09-20,37.4
2021-09-21,32.4
2021-09-21,24.2
2021-09-21,25.5
2021-09-21,31.1
2021-09-21,40.2
2021-09-21,50.9
2021-09-21,81.5
2021-09-21,78
2021-09-21,72.3
2021-09-21,55.3
2021-09-21,43
2021-09-21,41.2
2021-09-21,48
2021-09-21,15.6
2021-09-21,25.4
2021-09-21,18
2021-09-21,14.1
2021-09-21,21.9
2021-09-21,12.8
2021-09-21,20.1
2021-09-21,29.8
2021-09-21,45
2021-09-21,37.6
2021-09-21,29.9
2021-09-22,27.4
2021-09-22,39.4
2021-09-22,19.4
2021-09-22,19
2021-09-22,23.5
2021-09-22,24.7
2021-09-22,19.8
2021-09-22,30.8
2021-09-22,28.3
2021-09-22,34.4
2021-09-22,25.7
2021-09-22,29.4
2021-09-22,39.2
2021-09-22,20.4
2021-09-22,10.3
2021-09-22,5.8
2021-09-22,9.6
2021-09-22,17.9
2021-09-22,38.2
2021-09-22,21.4
2021-09-22,33.5
2021-09-22,25.3
2021-09-22,21.1
2021-09-22,25.6
2021-09-23,22.4
2021-09-23,37
2021-09-23,16.6
2021-09-23,7.3
2021-09-23,19.6
2021-09-23,26.9
2021-09-23,29.1
2021-09-23,32.8
2021-09-23,24.7
2021-09-23,49
2021-09-23,25.1
2021-09-23,31.9
2021-09-23,30.4
2021-09-23,31.9
2021-09-23,38.9
2021-09-23,42
2021-09-23,39.2
2021-09-23,19.8
2021-09-23,11.3
2021-09-23,16
2021-09-23,43.6
2021-09-23,32.3
2021-09-23,36.5
2021-09-24,20.6
2021-09-24,29.8
2021-09-24,28.3
2021-09-24,26.4
2021-09-24,38.9
2021-09-24,42.6
2021-09-24,76.2
2021-09-24,90
2021-09-24,69
2021-09-24,76.4
2021-09-24,71
2021-09-24,50
2021-09-24,63.4
2021-09-24,71.1
2021-09-24,59.2
2021-09-24,42.8
2021-09-24,19.5
2021-09-24,17
2021-09-24,17.8
2021-09-24,29.2
2021-09-24,29.4
2021-09-24,60.5
2021-09-24,45.2
2021-09-24,40.2
2021-09-25,38.5
2021-09-25,34.8
2021-09-25,41.5
2021-09-25,35.7
2021-09-25,47.5
2021-09-25,43.2
2021-09-25,48.1
2021-09-25,55.3
2021-09-25,73
2021-09-25,44.2
2021-09-25,52.1
2021-09-25,37.8
2021-09-25,48.6
2021-09-25,34
2021-09-25,34
2021-09-25,38
2021-09-25,27.1
2021-09-25,32.4
2021-09-25,19.8
2021-09-25,24.8
2021-09-25,15.9
2021-09-25,23.5
2021-09-25,38.5
2021-09-25,38.9
2021-09-26,23.4
2021-09-26,25.7
2021-09-26,20
2021-09-26,26.3
2021-09-26,28.3
2021-09-26,35.7
2021-09-26,31.5
2021-09-26,31.5
2021-09-26,35.8
2021-09-26,37
2021-09-26,39.8
2021-09-26,32
2021-09-26,52.8
2021-09-26,28.4
2021-09-26,12.7
2021-09-26,18.8
2021-09-26,12.5
2021-09-26,15
2021-09-26,24.7
2021-09-26,17.4
2021-09-26,21.8
2021-09-26,44.2
2021-09-26,29.5
2021-09-27,44
2021-09-27,24.5
2021-09-27,29.4
2021-09-27,28.2
2021-09-27,38.9
2021-09-27,38.9
2021-09-27,85.4
2021-09-27,114.2
2021-09-27,86.6
2021-09-27,58.8
2021-09-27,41.9
2021-09-27,20.4
2021-09-27,20.4
2021-09-27,68
2021-09-27,20.8
2021-09-27,28.8
2021-09-27,42.2
2021-09-27,36.8
2021-09-27,10
2021-09-27,9.5
2021-09-27,22.8
2021-09-27,25.8
2021-09-27,33.7
2021-09-27,33.4
2021-09-28,37.1
2021-09-28,16.8
2021-09-28,17.1
2021-09-28,16.5
2021-09-28,19.4
2021-09-28,28.5
2021-09-28,59.6
2021-09-28,48.8
2021-09-28,37.7
2021-09-28,14
2021-09-28,16.9
2021-09-28,41.7
2021-09-28,18
2021-09-28,9.5
2021-09-28,8.4
2021-09-28,9.5
2021-09-28,8
2021-09-28,3.8
2021-09-28,10.5
2021-09-28,39.8
2021-09-28,48
2021-09-28,45.4
2021-09-28,37.7
2021-09-28,19.7
2021-09-29,24.6
2021-09-29,21.5
2021-09-29,24
2021-09-29,25.8
2021-09-29,21.7
2021-09-29,20
2021-09-29,32.4
2021-09-29,44.8
2021-09-29,31.2
2021-09-29,31.2
2021-09-29,34.1
2021-09-29,21.6
2021-09-29,14.6
2021-09-29,52.6
2021-09-29,40.4
2021-09-29,36.4
2021-09-29,9.7
2021-09-29,6
2021-09-29,7.1
2021-09-29,52.5
2021-09-29,35.4
2021-09-29,35.4
2021-09-29,23
2021-09-30,28.2
2021-09-30,23.8
2021-09-30,9.5
2021-09-30,9.5
2021-09-30,15.1
2021-09-30,11
2021-09-30,6.8
2021-09-30,23.7
2021-09-30,22
2021-09-30,3.4
2021-09-30,14.8
2021-09-30,15.1
2021-09-30,5.5
2021-09-30,13
2021-09-30,23
2021-09-30,26.8
2021-09-30,35
2021-09-30,50.2
2021-09-30,53.7
2021-09-30,43.9
2021-09-30,46.3
2021-09-30,36.4
2021-09-30,33.8
2021-09-30,25.6
2021-10-01,25.3
2021-10-01,27.5
2021-10-01,27.5
2021-10-01,33.8
2021-10-01,39.5
2021-10-01,58
2021-10-01,82.8
2021-10-01,74.5
2021-10-01,50.6
2021-10-06,92.5
2021-10-06,48.7
2021-10-06,62.3
2021-10-06,42.2
2021-10-06,63.9
2021-10-06,31.2
2021-10-06,37.2
2021-10-06,20.5
2021-10-06,45.8
2021-10-06,26.8
2021-10-06,18
2021-10-06,58.3
2021-10-06,53.4
2021-10-06,80.6
2021-10-07,34.8
2021-10-07,44.1
2021-10-07,42.5
2021-10-07,27.8
2021-10-07,23.8
2021-10-07,20.7
2021-10-07,23.8
2021-10-07,36.5
2021-10-07,29.5
2021-10-07,45.3
2021-10-08,86.8
2021-10-08,30.8
2021-10-08,64
2021-10-08,60.2
2021-10-08,67.1
2021-10-08,66.3
2021-10-08,32.4
2021-10-08,1.5
2021-10-08,33
2021-10-08,8.6
2021-10-08,16.4
2021-10-08,23.8
2021-10-08,63.8
2021-10-08,25.7
2021-10-08,39.3
2021-10-09,14
2021-10-09,21.9
2021-10-09,7.9
2021-10-09,18.9
2021-10-09,16.3
2021-10-09,10.8
2021-10-09,28.6
2021-10-09,24.7
2021-10-09,29.6
2021-10-09,36.6
2021-10-09,58.5
2021-10-09,57
2021-10-09,23.5
2021-10-09,18.9
2021-10-09,43.3
2021-10-09,34.2
2021-10-09,29.2
2021-10-09,28.1
2021-10-09,22.6
2021-10-09,23.8
2021-10-09,38.8
2021-10-09,36.2
2021-10-09,25.5
2021-10-09,18.9
2021-10-10,23.4
2021-10-10,27.7
2021-10-10,36.3
2021-10-10,24.5
2021-10-10,30.2
2021-10-10,31.8
2021-10-10,27.2
2021-10-10,39.8
2021-10-10,43
2021-10-10,27.2
2021-10-10,45.9
2021-10-10,40.9
2021-10-10,43.1
2021-10-10,61.3
2021-10-10,4.2
2021-10-10,15.7
2021-10-10,27.5
2021-10-10,37.1
2021-10-10,27.2
2021-10-10,32.6
2021-10-10,39
2021-10-10,38.3
2021-10-10,21.1
2021-10-11,31.8
2021-10-11,23
2021-10-11,15.1
2021-10-11,13.6
2021-10-11,20.4
2021-10-11,16.7
2021-10-11,26
2021-10-11,20.9
2021-10-11,18.9
2021-10-11,27.4
2021-10-11,5.5
2021-10-11,61.8
2021-10-11,33.4
2021-10-11,41.3
2021-10-11,49
2021-10-11,52.3
2021-10-11,39.9
2021-10-11,49.4
2021-10-11,57
2021-10-11,32.7
2021-10-11,49.9
2021-10-11,54.7
2021-10-11,40.6
2021-10-11,37.8
2021-10-12,31.3
2021-10-12,34.7
2021-10-12,30
2021-10-12,23.8
2021-10-12,33.7
2021-10-12,38.5
2021-10-12,66.9
2021-10-12,56.4
2021-10-12,104.3
2021-10-12,68.7
2021-10-12,39.5
2021-10-12,64
2021-10-12,33.9
2021-10-12,74.7
2021-10-12,53.4
2021-10-12,14.4
2021-10-12,4.1
2021-10-12,4.9
2021-10-12,14.6
2021-10-12,52.6
2021-10-12,39.6
2021-10-12,41.5
2021-10-12,33.1
2021-10-12,12.3
2021-10-13,19.4
2021-10-13,31.4
2021-10-13,27.1
2021-10-13,14.2
2021-10-13,13.6
2021-10-13,11.9
2021-10-13,26.8
2021-10-13,57.5
2021-10-13,52.5
2021-10-13,21.6
2021-10-13,63.5
2021-10-13,36.1
2021-10-13,32.1
2021-10-13,47.5
2021-10-13,53.5
2021-10-13,45.1
2021-10-13,12.9
2021-10-13,14.2
2021-10-13,16.3
2021-10-13,20.2
2021-10-13,66.7
2021-10-13,27.4
2021-10-13,27.1
2021-10-13,20.2
2021-10-14,13.2
2021-10-14,24.9
2021-10-14,21.9
2021-10-14,25.4
2021-10-14,14.9
2021-10-14,23
2021-10-14,48.7
2021-10-14,86.3
2021-10-14,74
2021-10-14,17.7
2021-10-14,36.3
2021-10-14,51.5
2021-10-14,87.2
2021-10-14,0.1
2021-10-14,1.1
2021-10-14,13
2021-10-14,13.9
2021-10-14,57.4
2021-10-14,22.2
2021-10-14,11.5
2021-10-14,12.8
2021-10-14,32.8
2021-10-14,6
2021-10-15,17
2021-10-15,18.7
2021-10-15,26.4
2021-10-15,31.9
2021-10-15,17.9
2021-10-15,25.1
2021-10-15,39.6
2021-10-15,45
2021-10-15,53.9
2021-10-15,42.9
2021-10-15,65.2
2021-10-15,39.7
2021-10-15,50.9
2021-10-15,64.3
2021-10-15,90
2021-10-15,23.8
2021-10-15,25.5
2021-10-15,43.4
2021-10-15,23.4
2021-10-15,40.3
2021-10-15,10.4
2021-10-15,11
2021-10-15,47.3
2021-10-15,40.7
2021-10-16,36.4
2021-10-16,38.9
2021-10-16,32
2021-10-16,23.8
2021-10-16,7.9
2021-10-16,9.4
2021-10-16,23
2021-10-16,14.1
2021-10-16,21.1
2021-10-16,10.2
2021-10-16,3
2021-10-16,8.2
2021-10-16,31.9
2021-10-16,11.2
2021-10-16,31.7
2021-10-16,47.5
2021-10-16,49.2
2021-10-16,6.6
2021-10-16,18.5
2021-10-16,31.3
2021-10-16,34.7
2021-10-16,52.4
2021-10-16,47.6
2021-10-17,7.7
2021-10-17,12.7
2021-10-17,10
2021-10-17,1.1
2021-10-17,10.9
2021-10-17,15
2021-10-17,13.8
2021-10-17,16.3
2021-10-17,2.3
2021-10-17,14.7
2021-10-17,34.3
2021-10-17,10.9
2021-10-17,37.4
2021-10-17,25.4
2021-10-17,29.6
2021-10-17,32.3
2021-10-17,26.7
2021-10-17,36.8
2021-10-17,34.2
2021-10-17,28.9
2021-10-18,30.8
2021-10-18,25.8
2021-10-18,25.5
2021-10-18,29.6
2021-10-18,27
2021-10-18,34.2
2021-10-18,34.7
2021-10-18,60.6
2021-10-18,74.6
2021-10-18,27.9
2021-10-18,3
2021-10-18,31
2021-10-18,28.1
2021-10-18,60.4
2021-10-18,47.1
2021-10-18,37
2021-10-18,32.5
2021-10-18,13.3
2021-10-18,14.4
2021-10-18,16.7
2021-10-18,22.8
2021-10-18,57.5
2021-10-18,37
2021-10-18,32.5
2021-10-19,36.5
2021-10-19,20.4
2021-10-19,40.3
2021-10-19,55.4
2021-10-19,34.4
2021-10-19,49.7
2021-10-19,49.4
2021-10-19,68.8
2021-10-19,73.3
2021-10-19,36.5
2021-10-19,26.5
2021-10-19,48.3
2021-10-19,39.3
2021-10-19,64.9
2021-10-19,21.1
2021-10-19,8.9
2021-10-19,11.4
2021-10-19,16.7
2021-10-19,46.9
2021-10-19,10.7
2021-10-19,8.9
2021-10-19,49.4
2021-10-19,39.4
2021-10-19,51.3
2021-10-20,42.1
2021-10-20,30.2
2021-10-20,34.4
2021-10-20,12.5
2021-10-20,15.8
2021-10-20,9.8
2021-10-20,23
2021-10-20,28
2021-10-20,12.4
2021-10-20,6.4
2021-10-20,14.7
2021-10-20,47.9
2021-10-20,12.2
2021-10-20,11.2
2021-10-20,21.9
2021-10-20,31.9
2021-10-20,12.8
2021-10-20,16.2
2021-10-20,36.6
2021-10-20,41.9
2021-10-20,66.5
2021-10-20,29.6
2021-10-21,30.6
2021-10-21,17.2
2021-10-21,22.4
2021-10-21,23.1
2021-10-21,25.3
2021-10-21,30.8
2021-10-21,38.2
2021-10-21,47.7
2021-10-21,56.6
2021-10-21,69.4
2021-10-21,34.2
2021-10-21,50.4
2021-10-21,50.2
2021-10-21,13.7
2021-10-21,44.3
2021-10-21,29.7
2021-10-21,49.9
2021-10-21,40.3
2021-10-21,47.5
2021-10-21,54.6
2021-10-21,54.7
2021-10-21,40.3
2021-10-21,40.4
2021-10-21,39.2
2021-10-22,39.2
2021-10-22,30.7
2021-10-22,19.4
2021-10-22,17
2021-10-22,8
2021-10-22,20.3
2021-10-22,17.9
2021-10-22,32.9
2021-10-22,51.8
2021-10-22,65
2021-10-22,75.4
2021-10-22,71.6
2021-10-22,58.3
2021-10-22,45.6
2021-10-22,48.9
2021-10-22,48.9
2021-10-22,49.5
2021-10-22,59.4
2021-10-22,34.7
2021-10-22,191.4
2021-10-22,62.6
2021-10-22,29.6
2021-10-22,33.7
2021-10-22,38.7
2021-10-23,49.2
2021-10-23,46.6
2021-10-23,48.8
2021-10-23,72.7
2021-10-23,42.7
2021-10-23,27
2021-10-23,13.5
2021-10-23,19.6
2021-10-23,39.4
2021-10-23,18
2021-10-23,51.8
2021-10-23,51.1
2021-10-23,45.4
2021-10-23,20.9
2021-10-23,44.5
2021-10-23,20.2
2021-10-23,25.2
2021-10-23,18.8
2021-10-23,24.5
2021-10-23,22.6
2021-10-23,30.7
2021-10-23,24.6
2021-10-23,36
2021-10-23,27.5
2021-10-24,36.2
2021-10-24,39.2
2021-10-24,32.8
2021-10-24,43.9
2021-10-24,35.9
2021-10-24,36.2
2021-10-24,41.5
2021-10-24,51.5
2021-10-24,68
2021-10-24,75.9
2021-10-24,69
2021-10-24,62.7
2021-10-24,12.9
2021-10-24,56.8
2021-10-24,51.7
2021-10-24,38.7
2021-10-24,50.9
2021-10-24,38.4
2021-10-24,27.3
2021-10-24,14.9
2021-10-24,15.7
2021-10-24,8.3
2021-10-24,20.5
2021-10-24,39.3
2021-10-25,60.3
2021-10-25,29.4
2021-10-25,30.1
2021-10-25,52.1
2021-10-25,23.2
2021-10-25,39
2021-10-25,35.9
2021-10-25,50.6
2021-10-25,57
2021-10-25,48.5
2021-10-25,52.9
2021-10-25,44.3
2021-10-25,19.7
2021-10-25,39
2021-10-25,10.1
2021-10-25,6.4
2021-10-25,66
2021-10-25,43.4
2021-10-25,41.8
2021-10-25,50.8
2021-10-25,40.7
2021-10-25,37.1
2021-10-25,31.4
2021-10-26,28.4
2021-10-26,27.7
2021-10-26,8.2
2021-10-26,23.2
2021-10-26,21.5
2021-10-26,28
2021-10-26,24.6
2021-10-26,52.8
2021-10-26,63.7
2021-10-26,71.7
2021-10-26,58.2
2021-10-26,65.9
2021-10-26,25.8
2021-10-26,58.7
2021-10-26,83.7
2021-10-26,77
2021-10-26,80.4
2021-10-26,63
2021-10-26,44.2
2021-10-26,36.4
2021-10-26,15.7
2021-10-26,16.9
2021-10-26,10.1
2021-10-27,14
2021-10-27,12.1
2021-10-27,12.1
2021-10-27,12.4
2021-10-27,12.5
2021-10-27,32.6
2021-10-27,43.9
2021-10-27,46.4
2021-10-27,41.6
2021-10-27,70.7
2021-10-27,42.3
2021-10-27,45.8
2021-10-27,29.6
2021-10-27,31.6
2021-10-27,50.2
2021-10-27,41.4
2021-10-27,66.1
2021-10-27,86.8
2021-10-27,36.4
2021-10-27,27.5
2021-10-27,58
2021-10-27,38.7
2021-10-27,39.7
2021-10-27,61.1
2021-10-28,12.4
2021-10-28,17.6
2021-10-28,43.5
2021-10-28,25
2021-10-28,25.6
2021-10-28,21.6
2021-10-28,27.3
2021-10-28,47.1
2021-10-28,72.4
2021-10-28,93.7
2021-10-28,49.1
2021-10-28,59.6
2021-10-28,41.6
2021-10-28,56
2021-10-28,78.1
2021-10-28,19.6
2021-10-28,18
2021-10-28,23.5
2021-10-28,20.1
2021-10-28,38.7
2021-10-28,35.9
2021-10-28,13.9
2021-10-28,46.5
2021-10-29,22.4
2021-10-29,13.8
2021-10-29,29.3
2021-10-29,24.7
2021-10-29,21.3
2021-10-29,20.5
2021-10-29,34.5
2021-10-29,45.6
2021-10-29,63.9
2021-10-29,57.3
2021-10-29,64.2
2021-10-29,71.3
2021-10-29,22.1
2021-10-29,62.1
2021-10-29,69.4
2021-10-29,64.3
2021-10-29,60.5
2021-10-29,23.7
2021-10-29,38.5
2021-10-29,24.6
2021-10-29,22.2
2021-10-29,50.2
2021-10-29,44
2021-10-30,25.3
2021-10-30,23.8
2021-10-30,31.4
2021-10-30,29.6
2021-10-30,17.4
2021-10-30,21.1
2021-10-30,25.2
2021-10-30,36.2
2021-10-30,52.1
2021-10-30,85.6
2021-10-30,45
2021-10-30,21.1
2021-10-30,41.7
2021-10-30,63.7
2021-10-30,38.9
2021-10-30,15.8
2021-10-30,7
2021-10-30,11.5
2021-10-30,16
2021-10-30,19.1
2021-10-30,16.6
2021-10-30,23.6
2021-10-30,29
2021-10-31,46.4
2021-10-31,33.7
2021-10-31,39.4
2021-10-31,22.5
2021-10-31,32.8
2021-10-31,14.8
2021-10-31,30.9
2021-10-31,18.5
2021-10-31,12.4
2021-10-31,15.4
2021-10-31,19.8
2021-10-31,4.5
2021-10-31,12.6
2021-10-31,12.7
2021-10-31,25
2021-10-31,24.2
2021-10-31,30.1
2021-10-31,25.7
2021-10-31,20.6
2021-10-31,30.2
2021-10-31,26.8
2021-10-31,22.8
2021-10-31,29.6
2021-11-01,32.8
2021-11-01,24.3
2021-11-01,27.1
2021-11-01,30.8
2021-11-01,33
2021-11-01,29
2021-11-01,31.1
2021-11-01,36.3
2021-11-01,34.1
2021-11-01,34.1
2021-11-01,26.6
2021-11-01,13.2
2021-11-01,36.8
2021-11-01,36.8
2021-11-01,19.4
2021-11-01,7.1
2021-11-01,13
2021-11-01,4.4
2021-11-01,9.6
2021-11-01,20.1
2021-11-01,29.8
2021-11-01,57
2021-11-01,31.5
2021-11-01,32.4
2021-11-02,33.4
2021-11-02,21.2
2021-11-02,26
2021-11-02,19.5
2021-11-02,38.5
2021-11-02,28.9
2021-11-02,49.8
2021-11-02,66
2021-11-02,69.6
2021-11-02,65.3
2021-11-02,23.8
2021-11-02,25.3
2021-11-02,29.1
2021-11-02,35.7
2021-11-02,42.8
2021-11-02,11.7
2021-11-02,28.5
2021-11-02,6.9
2021-11-02,15.9
2021-11-02,12.8
2021-11-02,8.5
2021-11-02,42.4
2021-11-02,26.9
2021-11-02,13
2021-11-03,4.8
2021-11-03,6.2
2021-11-03,19.3
2021-11-03,16.3
2021-11-03,22.6
2021-11-03,29.3
2021-11-03,31.1
2021-11-03,39.5
2021-11-03,35.3
2021-11-03,34.5
2021-11-03,32
2021-11-03,19
2021-11-03,29.5
2021-11-03,4.2
2021-11-03,39.9
2021-11-03,44.7
2021-11-03,10.2
2021-11-03,17.9
2021-11-03,15.6
2021-11-03,15.8
2021-11-03,11.2
2021-11-03,42.3
2021-11-03,36.9
2021-11-03,43.3
2021-11-04,21.9
2021-11-04,19.3
2021-11-04,16.6
2021-11-04,18.3
2021-11-04,36.3
2021-11-04,50.8
2021-11-04,61
2021-11-04,60.1
2021-11-04,46.1
2021-11-04,31.5
2021-11-04,19.6
2021-11-04,51.1
2021-11-04,28.9
2021-11-04,40.9
2021-11-04,20
2021-11-04,9.7
2021-11-04,33.2
2021-11-04,48.7
2021-11-04,69.9
2021-11-04,41.4
2021-11-04,41.4
2021-11-04,39
2021-11-04,52.5
2021-11-04,42
2021-11-05,32.6
2021-11-05,34.6
2021-11-05,13.5
2021-11-05,13.5
2021-11-05,29.5
2021-11-05,38.4
2021-11-05,43.8
2021-11-05,44.1
2021-11-05,48.7
2021-11-05,30.4
2021-11-05,12.8
2021-11-05,16.8
2021-11-05,21.2
2021-11-05,28.2
2021-11-05,41.9
2021-11-05,50.6
2021-11-05,67.5
2021-11-05,45
2021-11-05,28.6
2021-11-06,30.5
2021-11-06,30.4
2021-11-06,26.4
2021-11-06,25.2
2021-11-06,26.4
2021-11-06,30.8
2021-11-06,53.1
2021-11-06,54.9
2021-11-06,38.9
2021-11-06,39.7
2021-11-06,35.4
2021-11-06,24.7
2021-11-06,52.5
2021-11-06,35.4
2021-11-06,14.3
2021-11-06,19
2021-11-06,22.2
2021-11-06,28
2021-11-06,41.9
2021-11-06,36
2021-11-06,36
2021-11-06,31.3
2021-11-06,41
2021-11-06,40.1
2021-11-07,40.1
2021-11-07,49
2021-11-07,48.2
2021-11-07,36.1
2021-11-07,35.1
2021-11-07,42.3
2021-11-07,41.4
2021-11-07,48.2
2021-11-07,35.2
2021-11-07,15.2
2021-11-07,26.9
2021-11-07,39.2
2021-11-07,45.4
2021-11-07,58.5
2021-11-07,19.6
2021-11-07,25.9
2021-11-07,22.9
2021-11-07,24.7
2021-11-07,25.6
2021-11-07,18.1
2021-11-07,27.5
2021-11-07,46.9
2021-11-07,38.6
2021-11-07,31.4
2021-11-08,29.5
2021-11-08,29.5
2021-11-08,42.5
2021-11-08,24.3
2021-11-08,39.9
2021-11-08,39.9
2021-11-08,38.9
2021-11-08,44.7
2021-11-08,42.8
2021-11-08,45.8
2021-11-08,45.4
2021-11-08,36
2021-11-08,30.8
2021-11-08,30.8
2021-11-08,38.1
2021-11-08,37
2021-11-08,46.9
2021-11-08,75.7
2021-11-08,20.7
2021-11-08,22.6
2021-11-08,36.1
2021-11-08,41.6
2021-11-08,30.8
2021-11-08,38.9
2021-11-09,56.2
2021-11-09,58.4
2021-11-09,33.3
2021-11-09,36.3
2021-11-09,39
2021-11-09,41.4
2021-11-09,43.7
2021-11-09,54
2021-11-09,40.4
2021-11-09,19.1
2021-11-09,24.4
2021-11-09,25
2021-11-09,25.4
2021-11-09,25.8
2021-11-09,32.8
2021-11-09,43.3
2021-11-09,44
2021-11-09,35.4
2021-11-09,36.5
2021-11-09,32.6
2021-11-09,49.5
2021-11-09,37.5
2021-11-09,33.6
2021-11-09,23
2021-11-10,21.3
2021-11-10,19.9
2021-11-10,17.9
2021-11-10,25
2021-11-10,17.9
2021-11-10,31.3
2021-11-10,48.3
2021-11-10,47
2021-11-10,94.7
2021-11-10,87.6
2021-11-10,69.2
2021-11-10,59.3
2021-11-10,52.9
2021-11-10,44.6
2021-11-10,8.9
2021-11-10,17.6
2021-11-10,16.6
2021-11-10,30.7
2021-11-10,23.1
2021-11-10,34.7
2021-11-10,56.3
2021-11-10,33
2021-11-10,19.4
2021-11-10,6.3
2021-11-11,6.1
2021-11-11,3.7
2021-11-11,4.2
2021-11-11,7.3
2021-11-11,9.5
2021-11-11,18.7
2021-11-11,19.8
2021-11-11,43
2021-11-11,39.9
2021-11-11,23.1
2021-11-11,11.5
2021-11-11,38.7
2021-11-11,38.7
2021-11-11,30.4
2021-11-11,45.9
2021-11-11,45.4
2021-11-11,40.6
2021-11-11,40.5
2021-11-11,26.4
2021-11-11,13.7
2021-11-11,17.7
2021-11-11,44
2021-11-11,53.5
2021-11-11,46.8
2021-11-12,27.1
2021-11-12,28.1
2021-11-12,29.8
2021-11-12,25
2021-11-12,24.3
2021-11-12,28.8
2021-11-12,47.4
2021-11-12,66.7
2021-11-12,70.8
2021-11-12,53.3
2021-11-12,72.1
2021-11-12,64.4
2021-11-12,56.9
2021-11-12,11.2
2021-11-12,53.9
2021-11-12,24.5
2021-11-12,15.1
2021-11-12,29.1
2021-11-12,20.7
2021-11-12,19.8
2021-11-12,31.7
2021-11-12,38.6
2021-11-12,46.1
2021-11-12,61.5
2021-11-13,45.1
2021-11-13,44.8
2021-11-13,46
2021-11-13,25.3
2021-11-13,32.1
2021-11-13,47.5
2021-11-13,48.3
2021-11-13,59.7
2021-11-13,71
2021-11-13,78.6
2021-11-13,71
2021-11-13,43.2
2021-11-13,14.3
2021-11-13,24.6
2021-11-13,27
2021-11-13,14.9
2021-11-13,18.4
2021-11-13,9.8
2021-11-13,15.8
2021-11-13,29.9
2021-11-13,44.6
2021-11-13,46.1
2021-11-13,57.7
2021-11-13,43.1
2021-11-14,40.6
2021-11-14,35.8
2021-11-14,30.6
2021-11-14,32
2021-11-14,37.2
2021-11-14,40
2021-11-14,42.1
2021-11-14,48.6
2021-11-14,42.5
2021-11-14,46.6
2021-11-14,50.3
2021-11-14,59.4
2021-11-14,37
2021-11-14,46.3
2021-11-14,44.9
2021-11-14,52.4
2021-11-14,39
2021-11-14,12.2
2021-11-14,19.4
2021-11-14,18.1
2021-11-14,15.8
2021-11-14,20.1
2021-11-14,26.2
2021-11-14,26.9
2021-11-15,26.3
2021-11-15,28.7
2021-11-15,29
2021-11-15,20.4
2021-11-15,25.9
2021-11-15,29.3
2021-11-15,26.9
2021-11-15,33.9
2021-11-15,29.1
2021-11-15,21.3
2021-11-15,18.6
2021-11-15,32.9
2021-11-15,10.5
2021-11-15,15.6
2021-11-15,23.8
2021-11-15,31.4
2021-11-15,13.3
2021-11-15,38.6
2021-11-15,36.2
2021-11-15,38.9
2021-11-15,36.2
2021-11-15,46.1
2021-11-15,43.6
2021-11-16,29.9
2021-11-16,32.1
2021-11-16,24.2
2021-11-16,31.3
2021-11-16,27.1
2021-11-16,29.4
2021-11-16,51.6
2021-11-16,54.7
2021-11-16,68.6
2021-11-16,45.7
2021-11-16,32.8
2021-11-16,33.3
2021-11-16,58.9
2021-11-16,46.9
2021-11-16,65.8
2021-11-16,7.6
2021-11-16,17.6
2021-11-16,6.9
2021-11-16,12.4
2021-11-16,14.2
2021-11-16,13.6
2021-11-16,35
2021-11-16,30.6
2021-11-16,30.1
2021-11-17,24.4
2021-11-17,15.9
2021-11-17,15.2
2021-11-17,15.8
2021-11-17,18.4
2021-11-17,20.8
2021-11-17,36.5
2021-11-17,66.9
2021-11-17,65.7
2021-11-17,45.8
2021-11-17,49.3
2021-11-17,48.4
2021-11-17,53.1
2021-11-17,55.5
2021-11-17,37.4
2021-11-17,19
2021-11-17,16.2
2021-11-17,19.5
2021-11-17,19.8
2021-11-17,19.2
2021-11-17,10.9
2021-11-17,27.9
2021-11-17,47.8
2021-11-17,37.8
2021-11-18,29
2021-11-18,27.6
2021-11-18,20.9
2021-11-18,21.3
2021-11-18,19.5
2021-11-18,23.4
2021-11-18,29.8
2021-11-18,24.7
2021-11-18,33
2021-11-18,37.8
2021-11-18,52.5
2021-11-18,54
2021-11-18,56.1
2021-11-18,19.7
2021-11-18,10.2
2021-11-18,0
2021-11-18,0
2021-11-18,1.2
2021-11-18,27.9
2021-11-18,13.3
2021-11-18,34.6
2021-11-18,47.7
2021-11-18,35.6
2021-11-18,28.6
2021-11-19,22.4
2021-11-19,16.8
2021-11-19,22.2
2021-11-19,20.6
2021-11-19,22.3
2021-11-19,17.6
2021-11-19,24.1
2021-11-19,36
2021-11-19,28.3
2021-11-19,21
2021-11-19,31.2
2021-11-19,25.4
2021-11-19,17.1
2021-11-19,13.1
2021-11-19,23
2021-11-19,16.2
2021-11-19,16.8
2021-11-19,35.6
2021-11-19,36
2021-11-19,39.6
2021-11-19,33
2021-11-19,34.5
2021-11-19,44.6
2021-11-19,30.7
2021-11-20,24.5
2021-11-20,19
2021-11-20,21.2
2021-11-20,24.6
2021-11-20,23.3
2021-11-20,31.8
2021-11-20,41.4
2021-11-20,63.2
2021-11-20,66.8
2021-11-20,67.3
2021-11-20,53.2
2021-11-20,67.2
2021-11-20,75.9
2021-11-20,67.2
2021-11-20,57.1
2021-11-20,43
2021-11-20,54.6
2021-11-20,29.4
2021-11-20,16.4
2021-11-20,14.7
2021-11-20,23.4
2021-11-20,34.3
2021-11-20,47
2021-11-20,62.7
2021-11-21,35.6
2021-11-21,36.1
2021-11-21,33.4
2021-11-21,35.3
2021-11-21,20
2021-11-21,17.3
2021-11-21,17
2021-11-21,13.2
2021-11-21,18.3
2021-11-21,14
2021-11-21,9.4
2021-11-21,10.3
2021-11-21,16.9
2021-11-21,32.8
2021-11-21,30.2
2021-11-21,32.5
2021-11-21,20.8
2021-11-21,8.4
2021-11-21,11.2
2021-11-21,14.9
2021-11-21,15.7
2021-11-21,10.2
2021-11-21,13.1
2021-11-21,46.1
2021-11-22,35
2021-11-22,28
2021-11-22,30
2021-11-22,26.5
2021-11-22,26.6
2021-11-22,26.3
2021-11-22,36.6
2021-11-22,79.7
2021-11-22,90.7
2021-11-22,33.3
2021-11-22,43.9
2021-11-22,51.4
2021-11-22,42.7
2021-11-22,26.6
2021-11-22,7.3
2021-11-22,12.7
2021-11-22,13.6
2021-11-22,17.9
2021-11-22,19.4
2021-11-22,31.2
2021-11-22,21.3
2021-11-22,33.3
2021-11-22,25.1
2021-11-22,19.9
2021-11-23,10
2021-11-23,11.9
2021-11-23,11
2021-11-23,7.5
2021-11-23,7.9
2021-11-23,11.9
2021-11-23,13.9
2021-11-23,15.1
2021-11-23,22.2
2021-11-23,26.2
2021-11-23,24.4
2021-11-23,25.4
2021-11-23,20.6
2021-11-23,29.4
2021-11-23,29.5
2021-11-23,31
2021-11-23,22.4
2021-11-23,16
2021-11-23,21.9
2021-11-23,29.6
2021-11-23,18.2
2021-11-23,26.2
2021-11-23,18.1
2021-11-23,23.8
2021-11-24,19.1
2021-11-24,14.2
2021-11-24,14.6
2021-11-24,15.3
2021-11-24,16.3
2021-11-24,19.4
2021-11-24,30.4
2021-11-24,33.1
2021-11-24,36.5
2021-11-24,33.6
2021-11-24,52.1
2021-11-24,40.1
2021-11-24,31.3
2021-11-24,29
2021-11-24,31.6
2021-11-24,37.7
2021-11-24,42.8
2021-11-24,31.3
2021-11-24,27.2
2021-11-24,34
2021-11-24,32.7
2021-11-24,27.6
2021-11-24,31.3
2021-11-24,35.4
2021-11-25,21.7
2021-11-25,17.6
2021-11-25,22.9
2021-11-25,26.1
2021-11-25,41.7
2021-11-25,38.1
2021-11-25,49.2
2021-11-25,58.3
2021-11-25,55.3
2021-11-25,59
2021-11-25,58.6
2021-11-25,38.7
2021-11-25,41.2
2021-11-25,43.4
2021-11-25,44.5
2021-11-25,52.4
2021-11-25,21.9
2021-11-25,42.6
2021-11-25,28.3
2021-11-25,49.3
2021-11-25,23.2
2021-11-25,21.2
2021-11-25,30
2021-11-25,31.1
2021-11-26,31.2
2021-11-26,18.7
2021-11-26,12.8
2021-11-26,15.8
2021-11-26,37.1
2021-11-26,35.5
2021-11-26,54.4
2021-11-26,67.9
2021-11-26,50.8
2021-11-26,59.2
2021-11-26,48.9
2021-11-26,45.7
2021-11-26,42.4
2021-11-26,49.9
2021-11-26,37.6
2021-11-26,39.9
2021-11-26,12.1
2021-11-26,12.3
2021-11-26,14.4
2021-11-26,28.6
2021-11-26,35.3
2021-11-26,58.1
2021-11-26,43.3
2021-11-26,28.7
2021-11-27,23.5
2021-11-27,14.2
2021-11-27,15.7
2021-11-27,14.3
2021-11-27,10.2
2021-11-27,10.4
2021-11-27,9
2021-11-27,15.8
2021-11-27,14.9
2021-11-27,19
2021-11-27,19.2
2021-11-27,21.1
2021-11-27,26.1
2021-11-27,34.4
2021-11-27,51
2021-11-27,46.5
2021-11-27,53.2
2021-11-27,49
2021-11-27,7.4
2021-11-27,15
2021-11-27,26.1
2021-11-27,29.6
2021-11-27,60.9
2021-11-27,52.3
2021-11-28,38.5
2021-11-28,42.8
2021-11-28,43.8
2021-11-28,35.6
2021-11-28,36.2
2021-11-28,30.3
2021-11-28,37
2021-11-28,39.4
2021-11-28,48.3
2021-11-28,41.2
2021-11-28,50.2
2021-11-28,28.9
2021-11-28,36.8
2021-11-28,41.9
2021-11-28,30.4
,
,
,
,
,
,
,
,
,
,
,
,
,
,
,
,
,
,
,
,
,
,
,
,
,
,
,
,
,
,
,
,
,
,
,
,
,
,
,
,
,
,
,
,
,
,
,
,
,
,
,
,
,
,
,
,
,
,
,
,
,
,
,
,
,
,
,
,
,
,
,
,
,
,
,
,
,
,
,
,
,
,
,
,
,
,
,
,
,
,
,
,
,
,
,
,
,
,
,
,
,
,
,
,
,
,
,
,
,
,
,
,
,
,
,
,
,
,
,
,
,
,
,
,
,
,
,
,
,
,
,
,
,
,
,
,
,
,
,
,
,
,
,
,
,
,
,
,
,
,
,
,
,
,
,
,
,
,
,
,
,
,
,
,
,
,
,
,
,
,
,
,
,
,
,
,
,
,
,
,
,
,
,
,
,
,
,
,
,
,
,
,
,
,
,
,
,
,
,
,
,
,
,
,
,
,
,
,
,
,
,
,
,
,
,
,
,
,
,
,
,
,
,
,
,
,
,
,
,
,
,
,
,
,
,
,
,
,
,
,
,
,
,
,
,
,
,
,
,
,
,
,
,
,
,
,
,
,
,
,
,
,
,
,
,
,
,
,
,
,
,
,
,
,
,
,
,
,
,
,
,
,
,
,
,
,
,
,
,
,
,
,
,
,
,
,
,
,
,
,
,
,
,
,
,
,
,
,
,
,
,
,
,
,
,
,
,
,
,
,
,
,
,
,
,
,
,
,
,
,
,
,
,
,
,
,
,
,
,
,
,
,
,
,
,
,
,
,
,
,
,
,
,
,
,
,
,
,
,
,
,
,
,
,
,
,
,
,
,
,
,
,
,
,
,
,
,
,
,
,
,
,
,
,
,
,
,
,
,
,
,
,
,
,
,
,
,
,
,
,
,
,
,
,
,
,
,
,
,
,
,
,
,
,
,
,
,
,
,
,
,
,
,
,
,
,
,
,
,
,
,
,
,
,
,
,
,
,
,
,
,
,
,
,
,
,
,
,
,
,
,
,
,
,
,
,
,
,
,
,
,
,
,
,
,
,
,
,
,
,
,
,
,
,
,
,
,
,
,
,
,
,
,
,
,
,
,
,
,
,
,
,
,
,
,
,
,
,
,
,
,
,
,
,
,
,
,
,
,
,
,
,
,
,
,
,
,
,
,
,
,
,
,
,
,
,
,
,
,
,
,
,
,
,
,
,
,
,
,
,
,
,
,
,
,
,
,
,
,
,
,
,
,
,
,
,
,
,
,
,
,
,
,
,
,
,
,
,
,
,
,
,
,
,
,
,
,
,
,
,
,
,
,
,
,
,
,
,
,
,
,
,
,
,
,
,
,
,
,
,
,
,
,
,
,
,
,
,
,
,
,
,
,
,
,
,
,
,
,
,
,
,
,
,
,
,
,
,
,
,
,
,
,
,
,
,
,
,
,
,
,
,
,
,
,
,
,
,
,
,
,
,
,
,
,
,
,
,
,
,
,
,
,
,
,
,
,
,
,
,
,
,
,
,
,
,
,
,
,
,
,
,
,
,
,
,
,
,
,
,
,
,
,
,
,
,
,
,
,
,
,
,
,
,
,
,
,
,
,
,
,
,
,
,
,
,
,
,
,
,
,
,
,
,
,
,
,
,
,
,
,
,
,
,
,
,
,
,
,
,
,
,
,
,
,
,
,
,
,
,
,
,
,
,
,
,
,
,
,
,
,
,
,
,
,
,
,
,
,
,
,
,
,
,
,
,
,
,
,
,
,
,
,
,
,
,
,
,
,
,
,
,
,
,
,
,
,
,
,
,
,
,
,
,
,
,
,
,
,
,
,
,
,
,
,
,
,
,
,
,
,
,
,
,
,
,
,
,
,
,
,
,
,
,
,
,
,
,
,
,
,
,
,
,
,
,
,
,
,
,
,
,
,
,
,
,
,
,
,
,
,
,
,
,
,
,
,
,
,
,
,
,
,
,
,
,
,
,
,
,
,
,
,
,
,
,
,
,
,
,
,
,
,
,
,
,
,
,
,
,
,
,
,
,
,
,
,
,
,
,
,
,
,
,
,
,
,
,
,
,
,
,
,
,
,
,
,
,
,
,
,
,
,
,
,
,
,
,
,
,
,
,
,
,
,
,
,
,
,
,
,
,
,
,
,
,
,
,
,
,
,
,
,
,
,
,
,
,
,
,
,
,
,
,
,
,
,
,
,
,
,
,
,
,
,
,
,
,
,
,
,
,
,
,
,
,
,
,
,
,